Achtkoek;achtkoek.jpg;3
Berlijnse Bol;berlinerbol.jpg;3
Boerenbrood;boerenbrood.jpg;1
Boterkoek met pudding;boterkoek met pudding.jpg;3
boterkoek met chocoladepudding;boterkoek met pudding (chocolade).jpg;3
Bruin boerenbrood;bruin boerenbrood.jpg;1
Chocoladekoek;chocoladekoek.jpg;2
Croissant;croissant.jpg;2
Kleine Koek;koek_klein.jpg;2
Lange suisse;lange suisse.jpg;3
Ronde suisse;ronde_suisse.jpg;2
Sandwich;sandwich.jpg;5
Stokbrood;stokbrood.png;1
Tijgerbrood;tijgerbrood.jpeg;1
Tompoes;Tompoes.jpg;3
Volkorenbrood;volkorenbrood.jpg;1
Wit galet;wit galet brood.jpg;1
